sales_agent,manager,regional_office
anna_snelling,dustin_brinkmann,central
cecily_lampkin,dustin_brinkmann,central
versie_hillebrand,dustin_brinkmann,central
lajuana_vencill,dustin_brinkmann,central
moses_frase,dustin_brinkmann,central
jonathan_berthelot,melvin_marxen,central
marty_freudenburg,melvin_marxen,central
gladys_colclough,melvin_marxen,central
niesha_huffines,melvin_marxen,central
darcel_schlecht,melvin_marxen,central
mei-mei_johns,melvin_marxen,central
violet_mclelland,cara_losch,east
corliss_cosme,cara_losch,east
rosie_papadopoulos,cara_losch,east
garret_kinder,cara_losch,east
wilburn_farren,cara_losch,east
elizabeth_anderson,cara_losch,east
daniell_hammack,rocco_neubert,east
cassey_cress,rocco_neubert,east
donn_cantrell,rocco_neubert,east
reed_clapper,rocco_neubert,east
boris_faz,rocco_neubert,east
natalya_ivanova,rocco_neubert,east
vicki_laflamme,celia_rouche,west
rosalina_dieter,celia_rouche,west
hayden_neloms,celia_rouche,west
markita_hansen,celia_rouche,west
elease_gluck,celia_rouche,west
carol_thompson,celia_rouche,west
james_ascencio,summer_sewald,west
kary_hendrixson,summer_sewald,west
kami_bicknell,summer_sewald,west
zane_levy,summer_sewald,west
maureen_marcano,summer_sewald,west
carl_lin,summer_sewald,west
